{"cameraMode":{"drawMode":0,"name":"Shaded","section":"Shading Mode"},"sceneLighting":false,"audioPlay":false,"sceneViewState":{"showFog":true,"showMaterialUpdate":false,"showSkybox":true,"showFlares":true,"showImageEffects":true,"showParticleSystems":true},"in2DMode":false,"pivot":{"x":-163.5863494873047,"y":-0.4163757562637329,"z":0.4182511568069458},"rotation":{"x":0.0213533416390419,"y":0.7462571859359741,"z":0.023962752893567086,"w":-0.664883553981781},"size":1.9413295984268189,"orthographic":true}