{"cameraMode":{"drawMode":0,"name":"Shaded","section":"Shading Mode"},"sceneLighting":false,"audioPlay":false,"sceneViewState":{"showFog":true,"showMaterialUpdate":false,"showSkybox":true,"showFlares":true,"showImageEffects":true,"showParticleSystems":true},"in2DMode":false,"pivot":{"x":4.416001796722412,"y":0.41027235984802248,"z":-0.12386374175548554},"rotation":{"x":-0.001229768036864698,"y":0.9980980753898621,"z":-0.057852618396282199,"w":-0.021259574219584466},"size":3.069132089614868,"orthographic":true}