{"cameraMode":{"drawMode":0,"name":"Shaded","section":"Shading Mode"},"sceneLighting":false,"audioPlay":false,"sceneViewState":{"showFog":true,"showMaterialUpdate":false,"showSkybox":true,"showFlares":true,"showImageEffects":true,"showParticleSystems":true},"in2DMode":false,"pivot":{"x":1.156000018119812,"y":0.7310000061988831,"z":0.0},"rotation":{"x":0.02179039642214775,"y":0.4640197455883026,"z":0.011414273642003537,"w":-0.8854832649230957},"size":0.7144805192947388,"orthographic":true}