{"cameraMode":{"drawMode":0,"name":"Shaded","section":"Shading Mode"},"sceneLighting":false,"audioPlay":false,"sceneViewState":{"showFog":true,"showMaterialUpdate":false,"showSkybox":true,"showFlares":true,"showImageEffects":true,"showParticleSystems":true},"in2DMode":false,"pivot":{"x":-156.77952575683595,"y":0.09019315242767334,"z":-0.38572943210601809},"rotation":{"x":0.16601672768592835,"y":0.08362098783254624,"z":-0.014134279452264309,"w":0.9824694395065308},"size":2.0940189361572267,"orthographic":true}