{"cameraMode":{"drawMode":0,"name":"Shaded","section":"Shading Mode"},"sceneLighting":false,"audioPlay":false,"sceneViewState":{"showFog":true,"showMaterialUpdate":false,"showSkybox":true,"showFlares":true,"showImageEffects":true,"showParticleSystems":true},"in2DMode":false,"pivot":{"x":0.5240269899368286,"y":0.9726731777191162,"z":-0.1355063021183014},"rotation":{"x":0.11612637341022492,"y":-0.01250636950135231,"z":0.0014583421871066094,"w":0.9931546449661255},"size":10.214448928833008,"orthographic":true}