{"cameraMode":{"drawMode":0,"name":"Shaded","section":"Shading Mode"},"sceneLighting":false,"audioPlay":false,"sceneViewState":{"showFog":true,"showMaterialUpdate":false,"showSkybox":true,"showFlares":true,"showImageEffects":true,"showParticleSystems":true},"in2DMode":false,"pivot":{"x":1.1479318141937256,"y":1.1511361598968506,"z":-0.017999030649662019},"rotation":{"x":0.1577082723379135,"y":0.01898087002336979,"z":-0.0030326596461236479,"w":0.9872986674308777},"size":1.5345659255981446,"orthographic":true}