{"cameraMode":{"drawMode":0,"name":"Shaded","section":"Shading Mode"},"sceneLighting":false,"audioPlay":false,"sceneViewState":{"showFog":true,"showMaterialUpdate":false,"showSkybox":true,"showFlares":true,"showImageEffects":true,"showParticleSystems":true},"in2DMode":false,"pivot":{"x":1.1560001373291016,"y":0.7310000658035278,"z":2.9802322387695315e-8},"rotation":{"x":0.16601672768592835,"y":0.08362098783254624,"z":-0.014134279452264309,"w":0.9824694395065308},"size":2.3073718547821047,"orthographic":true}