{"cameraMode":{"drawMode":0,"name":"Shaded","section":"Shading Mode"},"sceneLighting":false,"audioPlay":false,"sceneViewState":{"showFog":true,"showMaterialUpdate":false,"showSkybox":true,"showFlares":true,"showImageEffects":true,"showParticleSystems":true},"in2DMode":false,"pivot":{"x":1.1479318141937256,"y":1.1511361598968506,"z":-0.017999030649662019},"rotation":{"x":-0.001229768036864698,"y":0.9980980753898621,"z":-0.057852618396282199,"w":-0.021259574219584466},"size":1.5345659255981446,"orthographic":true}