{"cameraMode":{"drawMode":0,"name":"Shaded","section":"Shading Mode"},"sceneLighting":false,"audioPlay":false,"sceneViewState":{"showFog":true,"showMaterialUpdate":false,"showSkybox":true,"showFlares":true,"showImageEffects":true,"showParticleSystems":true},"in2DMode":false,"pivot":{"x":18.42431640625,"y":0.181396484375,"z":-0.24591064453125},"rotation":{"x":0.02038644067943096,"y":-0.03207920864224434,"z":0.0006505314377136529,"w":0.9992772340774536},"size":2.268618106842041,"orthographic":true}