{"cameraMode":{"drawMode":0,"name":"Shaded","section":"Shading Mode"},"sceneLighting":true,"audioPlay":false,"sceneViewState":{"showFog":true,"showMaterialUpdate":false,"showSkybox":true,"showFlares":true,"showImageEffects":true,"showParticleSystems":true},"in2DMode":false,"pivot":{"x":325.0361022949219,"y":2.636101722717285,"z":-1.6990737915039063},"rotation":{"x":-0.07178105413913727,"y":-0.11286553740501404,"z":0.008174064569175244,"w":-0.990980327129364},"size":42.500118255615237,"orthographic":true}