{"cameraMode":{"drawMode":0,"name":"Shaded","section":"Shading Mode"},"sceneLighting":false,"audioPlay":false,"sceneViewState":{"showFog":true,"showMaterialUpdate":false,"showSkybox":true,"showFlares":true,"showImageEffects":true,"showParticleSystems":true},"in2DMode":false,"pivot":{"x":1.6616626977920533,"y":-3.5876126289367677,"z":0.25339609384536745},"rotation":{"x":-0.11011616885662079,"y":0.032480381429195407,"z":-0.0035983126144856216,"w":-0.9933813810348511},"size":18.73784065246582,"orthographic":true}